{
  "center": "秋港花园",
  "center_coords": [114.075434, 22.668739],
  "radii": ["200m", "500m", "1km", "2km"],
  "categories": {
    "食堂/餐饮": {"200m": 0, "500m": 1, "1km": 8, "2km": 52},
    "超市":       {"200m": 0, "500m": 0, "1km": 2, "2km": 18},
    "便利店":     {"200m": 1, "500m": 2, "1km": 5, "2km": 22},
    "幼儿园":     {"200m": 0, "500m": 0, "1km": 2, "2km": 12},
    "小学":       {"200m": 0, "500m": 0, "1km": 1, "2km": 8},
    "医院/诊所":  {"200m": 1, "500m": 2, "1km": 15, "2km": 35},
    "药店":       {"200m": 1, "500m": 2, "1km": 5, "2km": 20},
    "健身房":     {"200m": 0, "500m": 0, "1km": 1, "2km": 15},
    "公园":       {"200m": 0, "500m": 1, "1km": 3, "2km": 10},
    "银行/ATM":   {"200m": 0, "500m": 0, "1km": 2, "2km": 16},
    "菜市场":     {"200m": 0, "500m": 0, "1km": 1, "2km": 8},
    "图书馆":     {"200m": 0, "500m": 0, "1km": 1, "2km": 5}
  }
}
